CHROM,POS,SNP,RMIP,trait
1,109470142,rs1_109470142,12,af1npq
1,12175860,rs1_12175860,7,af1npq
1,154144631,rs1_154144631,5,af2npq
1,154144631,rs1_154144631,6,bf1npq
1,175153660,rs1_175153660,5,af1npq
1,175371282,rs1_175371282,8,npqslop2me
1,18086622,rs1_18086622,5,af1npq
1,192996136,rs1_192996136,8,phipsiietos
1,193768147,rs1_193768147,5,af1npq
1,195676621,rs1_195676621,5,npqslop1me
1,197694113,rs1_197694113,5,bf2npq
1,227648757,rs1_227648757,5,bf3phipsii
1,227648757,rs1_227648757,5,af4phipsii
1,232349180,rs1_232349180,8,phippsiiend
1,232349180,rs1_232349180,7,af4phipsii
1,232351010,rs1_232351010,21,bf3phipsii
1,232351010,rs1_232351010,8,QY_max
1,232351010,rs1_232351010,24,af4phipsii
1,232351010,rs1_232351010,24,phippsiiend
1,265772322,rs1_265772322,7,bf2npq
1,273748477,rs1_273748477,6,af1npq
1,293623482,rs1_293623482,14,af4npq
1,293623482,rs1_293623482,13,bf3npq
1,32294972,rs1_32294972,6,cf4npq
1,44559426,rs1_44559426,21,bf2npq
1,63930157,rs1_63930157,22,af4phipsii
1,63930157,rs1_63930157,6,phippsiiend
1,63930157,rs1_63930157,28,bf3phipsii
1,64986502,rs1_64986502,8,cf3npq
1,64986502,rs1_64986502,7,af4npq
1,6910016,rs1_6910016,18,af3npq
1,6910330,rs1_6910330,5,bf1npq
1,6910330,rs1_6910330,19,npqslop2me
10,137106013,rs10_137106013,5,qP_L1
10,13758649,rs10_13758649,6,bf4phipsii
10,1683931,rs10_1683931,5,af1npq
10,1684746,rs10_1684746,6,af1npq
10,2016200,rs10_2016200,13,af1npq
10,2362517,rs10_2362517,5,af2npq
10,2362517,rs10_2362517,5,cf3npq
10,49668990,rs10_49668990,7,bf3phipsii
10,9508637,rs10_9508637,7,bf4npq
2,163241671,rs2_163241671,5,af3npq
2,173712128,rs2_173712128,5,bf2npq
2,2639605,rs2_2639605,10,npqslop2me
2,2639605,rs2_2639605,7,af3npq
2,2697001,rs2_2697001,6,bf1npq
2,2697001,rs2_2697001,12,af3npq
2,2697001,rs2_2697001,5,NPQmaxme
2,2697001,rs2_2697001,14,npqslop2me
3,10539839,rs3_10539839,6,bf3npq
3,10539839,rs3_10539839,8,af4npq
3,129315583,rs3_129315583,7,af4npq
3,170135164,rs3_170135164,5,cf4npq
3,176152936,rs3_176152936,38,npqslop2me
3,176152936,rs3_176152936,36,af2npq
3,176152936,rs3_176152936,14,bf1npq
3,176152936,rs3_176152936,19,af3npq
3,176152936,rs3_176152936,14,NPQmaxme
3,177339839,rs3_177339839,46,af3npq
3,177339839,rs3_177339839,21,npqslop2me
3,177342770,rs3_177342770,10,bf4npq
3,181821524,rs3_181821524,5,NPQendme
3,200301267,rs3_200301267,11,cf3npq
3,200301267,rs3_200301267,5,af2npq
3,200301267,rs3_200301267,11,NPQmaxme
3,208694256,rs3_208694256,11,phippsiiend
3,21836120,rs3_21836120,8,phippsiiend
3,218419166,rs3_218419166,5,af2npq
3,218419166,rs3_218419166,13,bf3npq
3,218419166,rs3_218419166,15,af4npq
3,218419166,rs3_218419166,10,cf3npq
3,231818211,rs3_231818211,16,af3npq
3,231818211,rs3_231818211,8,npqslop2me
3,231818254,rs3_231818254,5,af3npq
3,2633852,rs3_2633852,9,bf3npq
3,32011920,rs3_32011920,6,af1npq
3,32011920,rs3_32011920,5,Rfd_L1
4,233607624,rs4_233607624,5,Fv.Fm_L1
4,238807069,rs4_238807069,35,cf3npq
4,238807069,rs4_238807069,9,af4phipsii
4,238807069,rs4_238807069,59,af4npq
4,238807069,rs4_238807069,20,NPQmaxme
4,238807069,rs4_238807069,11,bf1npq
4,238807069,rs4_238807069,12,af2npq
4,238807069,rs4_238807069,19,phippsiiend
4,238807069,rs4_238807069,15,bf3phipsii
4,238807069,rs4_238807069,57,bf3npq
4,241405566,rs4_241405566,5,bf4npq
4,244900775,rs4_244900775,6,npqslop2me
4,3134639,rs4_3134639,7,qP_L1
4,819326,rs4_819326,32,phipsiietos
4,819326,rs4_819326,6,bf4phipsii
5,1077986,rs5_1077986,16,npqslop2me
5,167010836,rs5_167010836,5,phtoNPQend
5,167010836,rs5_167010836,5,bf3phipsii
5,174497214,rs5_174497214,9,bf4npq
5,1764125,rs5_1764125,9,phipsiietos
5,192056782,rs5_192056782,5,phipsiietos
5,192056997,rs5_192056997,10,phipsiietos
5,221686995,rs5_221686995,5,qN_L1
5,221701999,rs5_221701999,7,bf4npq
5,34227839,rs5_34227839,7,bf3phipsii
5,4458893,rs5_4458893,25,af1npq
5,84495272,rs5_84495272,10,af4phipsii
5,84495272,rs5_84495272,9,bf3phipsii
5,84709587,rs5_84709587,11,bf3phipsii
5,84709587,rs5_84709587,7,af4phipsii
5,8617124,rs5_8617124,5,qP_L1
5,982750,rs5_982750,6,bf4npq
5,985480,rs5_985480,5,npqslop2me
6,122793945,rs6_122793945,6,phippsiiend
6,122793945,rs6_122793945,10,af4phipsii
6,122793945,rs6_122793945,13,bf3phipsii
6,154808186,rs6_154808186,8,qN_L1
6,165642898,rs6_165642898,9,phipsiietos
6,166664253,rs6_166664253,5,cf3npq
6,166664338,rs6_166664338,7,af4npq
7,119804427,rs7_119804427,5,phipsiietos
7,137991728,rs7_137991728,9,NPQmaxme
7,137991728,rs7_137991728,33,bf3npq
7,137991728,rs7_137991728,5,cf3npq
7,137991728,rs7_137991728,17,af4npq
7,140407081,rs7_140407081,8,bf1npq
7,158179538,rs7_158179538,6,bf2npq
7,170790855,rs7_170790855,24,af4phipsii
7,170790855,rs7_170790855,13,QY_max
7,170790855,rs7_170790855,21,bf3phipsii
7,170790855,rs7_170790855,11,phippsiiend
7,179965617,rs7_179965617,5,QY_max
7,18102920,rs7_18102920,6,bf4npq
7,2085439,rs7_2085439,5,bf4phipsii
7,8603205,rs7_8603205,6,cf3phipsii
8,13545783,rs8_13545783,5,NPQmaxme
8,13545783,rs8_13545783,10,bf1npq
8,13545783,rs8_13545783,7,cf3npq
8,13545783,rs8_13545783,11,af2npq
8,137160622,rs8_137160622,9,cf3npq
8,144406090,rs8_144406090,5,bf1npq
8,146361906,rs8_146361906,5,af4npq
8,146361906,rs8_146361906,6,bf3npq
8,146364282,rs8_146364282,8,bf3npq
8,147535555,rs8_147535555,10,af3npq
8,15710691,rs8_15710691,6,af2npq
8,160748682,rs8_160748682,7,bf4npq
8,16966291,rs8_16966291,10,qP_L1
8,178002895,rs8_178002895,16,npqslop2me
8,18953275,rs8_18953275,6,qN_L1
8,24724096,rs8_24724096,5,af3npq
8,30692828,rs8_30692828,5,bf4phipsii
8,69166876,rs8_69166876,15,qP_L1
8,69393234,rs8_69393234,11,cf3phipsii
8,69393234,rs8_69393234,6,cf4phipsii
8,7166902,rs8_7166902,18,af3npq
9,110361265,rs9_110361265,13,af3npq
9,110361265,rs9_110361265,10,npqslop2me
9,142499633,rs9_142499633,7,af1npq
9,147802207,rs9_147802207,20,bf3npq
9,147802207,rs9_147802207,8,NPQmaxme
9,147802207,rs9_147802207,7,af2npq
9,147802207,rs9_147802207,16,cf3npq
9,147802207,rs9_147802207,21,af4npq
9,147883220,rs9_147883220,5,bf3npq
9,150831661,rs9_150831661,5,bf2npq
9,15337538,rs9_15337538,13,npqslop1me
9,15340065,rs9_15340065,7,cf3npq
9,15340065,rs9_15340065,20,NPQmaxme
9,153610939,rs9_153610939,55,af1npq
9,154124335,rs9_154124335,5,cf3npq
9,154124335,rs9_154124335,6,NPQmaxme
9,154162140,rs9_154162140,5,af2npq
9,155107978,rs9_155107978,5,bf3npq
9,157814232,rs9_157814232,5,bf4npq
9,25267090,rs9_25267090,9,cf4npq
9,53140479,rs9_53140479,6,bf4phipsii
